Productkey,DeviceName,DeviceSecret
a10BnLLzGv4,test1,SoSLWyqpuHY70HNdSEcuwJArLrOD9MDX
a10BnLLzGv4,test2,uTE9kHOom99nx9gsjO1oiAKLPI7oTIhv
a10BnLLzGv4,test3,htViieMeEkVTcUlf47YUaEtnWxsGiBKl
a10BnLLzGv4,test4,GKkANUlKF4PVUhc46eEkCBNqejOlEwmc
a10BnLLzGv4,test5,L72M33ByZzLzOBuPQxRcId21nGdlDMQf
a10BnLLzGv4,test6,r1jtNvXvSTTzZI3EBFdmbH0aKIVZvdps
a10BnLLzGv4,test7,qy8XD3J7GeSZmEe0DnQhum7SJPyTUgto
a10BnLLzGv4,test8,7N8orydk0Y6RCfZnJFXPmAavc5JwhFbm
a10BnLLzGv4,test9,boUJICgC8pGfE0hsnx7hK9WvZus1AMH6
a10BnLLzGv4,test10,JeYTJEhFklHfz8WNQeP68QI7e1vKY36O
a10BnLLzGv4,test11,BN9HNk9w7BrRbT4lUkKqv2NjZGB7q8qc
a10BnLLzGv4,test12,FLoOP3E2hOXMrVhJvdO9hlpJEY4EFw8G
a10BnLLzGv4,test13,LkW8w4wqulSoxVVrVe7RBuidOp7EztXt
a10BnLLzGv4,test14,0n3whdag7FqR05v1TnNUuoeWCw7HKNwz
a10BnLLzGv4,test15,ddELHkBTDiVkIIoZJPZm3cXeN7hfnW5n
a10BnLLzGv4,test16,THCw7ERMm4j4DMkfGjXufZcO9OZiVdnU
a10BnLLzGv4,test17,knlQX1TpK5ssWFVINsU6ytTpFezfZdS9
a10BnLLzGv4,test18,VZldxa3YSAatcA2aCBRv0kWzrswr997V
a10BnLLzGv4,test19,SX8VFWnazsBkO4rbNk1gYMRIkliq7axz
a10BnLLzGv4,test20,0FJK3ckILTKpe0eyq8mgTIfqW0cZOoKn
a10BnLLzGv4,test21,z993jubtIyNKYUxPNC7QXuEs49aILYTs
a10BnLLzGv4,test22,Y2qgH0OPBngy5Rk9in6rjBnsF63sc25y
a10BnLLzGv4,test23,KKzIV5f4vDJuU3XwbU0j5s07Z3mZnShW
a10BnLLzGv4,test24,G36rE248nUHQDIeKlIghBvr8aOd12SN0
a10BnLLzGv4,test25,xPOxQnA0ajm5zIcdCNNDgOwZkbMncig4
a10BnLLzGv4,test26,CfRhJnGnvUTtWooitGuQyt0TwyBPDU9n
a10BnLLzGv4,test27,kxFZIKg13JLVMzL26f7eh3RTrZ9RyLHv
a10BnLLzGv4,test28,Q9vGYen0iSvfiW6eorqAnggrdeadShvs
a10BnLLzGv4,test29,pvZOkCwK3aSzkqDf1ThMTN6YsHGVMf58
a10BnLLzGv4,test30,UFeSAQP33fHVAKX5hDzagrSQVfYTPxho
a10BnLLzGv4,test31,zL5cXtxSTZ3Hor9s15PK2WVUeqMRBbz5
a10BnLLzGv4,test32,i6RBhhv0ZryX4l7Dk1gDlYTeAHUcRkG7
a10BnLLzGv4,test33,40QLJEcyUiEAOJdfiptKxejpeEAL7Zse
a10BnLLzGv4,test34,PcRSfCQUkzTh69NLBcT1ySFbB39G9lfc
a10BnLLzGv4,test35,Y9BOY4jm9kpmcpT8sEpcxmygOq7HburO
